<?xml version="1.0" encoding="utf-8"?>
<productAdditionalComps>
   <dependsOn>
      <component>
         <name>cascading_failure_simulator</name>
         <locale/>
         <platformList>
            <platform>maci64</platform>
         </platformList>
         <version>1.5</version>
      </component>
   </dependsOn>
   <isControllingProduct>true</isControllingProduct>
   <platform>maci64</platform>
   <productName>cascading_failure_simulator</productName>
   <productNumber>5000</productNumber>
   <productBaseCode>cascading_failure_simulator</productBaseCode>
   <productVersion>1.5</productVersion>
   <releaseFamily>R2021b</releaseFamily>
   <releaseDescription>R2021b</releaseDescription>
</productAdditionalComps>