<?xml version="1.0" encoding="UTF-8"?><bookmarks><file xmlns="http://www.w3.org/1999/xhtml" absolutepath="/Users/kassie/Documents/Code Repositories/Cascading_Failure_Sim/MATPOWER_Sim_Large_Topologies/simulate_cascade.m"></file><file xmlns="http://www.w3.org/1999/xhtml" absolutepath="/Users/kassie/Documents/Code Repositories/Cascading_Failure_Sim/MATPOWER_Sim_Large_Topologies/S_islandedGrid.m"></file><file xmlns="http://www.w3.org/1999/xhtml" absolutepath="/Users/kassie/Documents/Code Repositories/Cascading_Failure_Sim/MATPOWER_Sim_Large_Topologies/S_FindingStateSpace_ANN_dataset_function.m"></file><file xmlns="http://www.w3.org/1999/xhtml" absolutepath="/Users/kassie/Documents/Code Repositories/Senior_Design_Project/build_sim/MATPOWER_Sim_Large_Topologies/S_FindingStateSpace_ANN_dataset_function.m"></file><file xmlns="http://www.w3.org/1999/xhtml" absolutepath="/Users/kassie/Documents/Code Repositories/Senior_Design_Project/build_sim/MATPOWER_Sim_Large_Topologies/S_DCPowerFlowSimulation_ANN_dataset.m"></file></bookmarks>