<?xml version="1.0" encoding="utf-8"?>
<ApplicationInstallerManifest>
   <DefaultInstallationDirectory>/Applications/SACE_Lab,_Marquette_University/cascading_failure_simulator/</DefaultInstallationDirectory>
   <ApplicationName>cascading_failure_simulator</ApplicationName>
   <ExecutableName>application/cascading_failure_simulator.exe</ExecutableName>
   <GUID>8ebcd5d0-2e2c-40bf-88ea-aabfb504281b</GUID>
   <ApplicationIcon>default_icon_48.png</ApplicationIcon>
   <Logo>default_logo.png</Logo>
   <Version>1.6</Version>
   <InstallationNotes>In the following directions, replace MR/v911 by the directory on the target machine where MATLAB is installed, or MR by the directory where the MATLAB Runtime is installed.

If the environment variable DYLD_LIBRARY_PATH is undefined, set it to the following string:

MR/v911/runtime/maci64:MR/v911/sys/os/maci64:MR/v911/bin/maci64

If it is defined, set it to the following:

${DYLD_LIBRARY_PATH}:MR/v911/runtime/maci64:MR/v911/sys/os/maci64:MR/v911/bin/maci64
</InstallationNotes>
   <AuthorOrganization>SACE Lab, Marquette University</AuthorOrganization>
   <Summary>Cascading Failure Simulator for SACE Lab</Summary>
   <WelcomePanelText>cascading_failure_simulator 1.6
Cascading Failure Simulator for SACE Lab

NEW IN VERSION 1.5: Changed solver to Optimization Toolbox -- better compatibility
NEW IN VERSION 1.2: Performs simulations in batches of 32 (default) to preserve RAM with larger topologies (IEEE300+) AND saves initial failure table early in salvage file in case simulations do not all complete due to error. Batch size can be changed by inputing an extra value after the inputs, which will be the batch size. Choose a batch size that best suits the limits of your RAM and number of CPU cores.
NEW IN VERSION 1.3: Fixed OSQP Error
NEW IN VERSION 1.4: Added option to input arguments via file (input.txt)
The inputs are as such: case name, iterations, initial failures, load-generation ratio, load-shed constant, estimation error, and output name
case name: The name of the case file which is the initial topology of the power grid, usually a .m file (example: case118 is the IEEE118 topology)
iterations: The number of simulations to run -- more simulations usually results in more accuracy in predictions
initial failures: The number of initial failures to start with -- these are like trees falling on lines, or other random line failures that occur regularly in the power grid -- but could also model natural disasters and larger-scale failures
load-generation ratio: In the range of 0 to 1, where when 1, load is equivalent to the entire generation capacity. Generally a good indicator of how much the grid is strained at the start
load-shed constant: In the range of 0 to 1, where when it is 0, operators have full control of when to shed loads (not meet the load requirements), and when it is 1, operators have no control over what loads to meet.
Estimation error: The maximum capacities for power lines are estimates of what they can handle without tripping. If the error for these estimates is sufficiently high, they can fail sooner than expected
output name: the names of the output files, including the states matrix (output_name + "_sm.mat") and the initial failures table (output_name + "_if.mat")

Version 1.6:
Updated tracking of accumulated capacities so that initial failures are tracked and so that the accumulated capacities aren't overwrittten with load-shedding information

Kassie Povinelli, SACE Lab
kassie.povinelli@gmail.com</WelcomePanelText>
   <MCRProducts>
      <MCRProduct>
         <ExternalProductIdentifier>35000</ExternalProductIdentifier>
      </MCRProduct>
      <MCRProduct>
         <ExternalProductIdentifier>35010</ExternalProductIdentifier>
      </MCRProduct>
      <MCRProduct>
         <ExternalProductIdentifier>35106</ExternalProductIdentifier>
      </MCRProduct>
      <MCRProduct>
         <ExternalProductIdentifier>35112</ExternalProductIdentifier>
      </MCRProduct>
      <MCRProduct>
         <ExternalProductIdentifier>35119</ExternalProductIdentifier>
      </MCRProduct>
      <MCRProduct>
         <ExternalProductIdentifier>35180</ExternalProductIdentifier>
      </MCRProduct>
      <MCRProduct>
         <ExternalProductIdentifier>35183</ExternalProductIdentifier>
      </MCRProduct>
   </MCRProducts>
</ApplicationInstallerManifest>